{
  "metadata": {
    "version": "Agent_V2_Optimized",
    "total": 54,
    "timestamp": "2026-04-21 16:09:11"
  },
  "metrics": {
    "avg_score": 2.962962962962963,
    "hit_rate": 0.4074074074074074,
    "agreement_rate": 0.8814814814814815
  }
}